,order_id,quantity
0,0.0,108.0
1,2.0,100.0
2,3.0,7.0
3,4.0,100.0
4,5.0,43.0
5,6.0,18.0
6,7.0,100.0
7,14.0,100.0
8,16.0,100.0
9,18.0,43.0
10,19.0,100.0
11,22.0,100.0
12,23.0,7.0
13,24.0,100.0
14,25.0,8.0
15,26.0,100.0
16,27.0,100.0
17,28.0,100.0
18,30.0,100.0
19,31.0,100.0
20,32.0,100.0
21,35.0,100.0
22,36.0,100.0
23,37.0,200.0
24,38.0,100.0
25,39.0,100.0
26,40.0,100.0
27,42.0,100.0
28,43.0,41.0
29,44.0,82.0
30,45.0,13.0
31,47.0,13.0
32,48.0,100.0
33,50.0,100.0
34,51.0,100.0
35,52.0,100.0
36,53.0,100.0
37,54.0,77.0
38,55.0,100.0
39,56.0,100.0
40,57.0,96.0
41,58.0,100.0
42,60.0,100.0
43,61.0,3.0
44,62.0,100.0
45,63.0,100.0
46,65.0,96.0
47,66.0,100.0
48,67.0,100.0
49,68.0,100.0
50,70.0,100.0
51,71.0,400.0
52,72.0,100.0
53,73.0,100.0
54,74.0,4.0
55,75.0,100.0
56,76.0,400.0
57,77.0,100.0
58,78.0,100.0
59,79.0,100.0
60,80.0,100.0
61,81.0,100.0
62,82.0,100.0
63,83.0,59.0
64,84.0,100.0
65,85.0,100.0
66,86.0,100.0
67,87.0,100.0
68,88.0,100.0
69,89.0,100.0
70,90.0,100.0
71,91.0,100.0
72,92.0,100.0
73,93.0,100.0
74,94.0,100.0
75,95.0,100.0
76,96.0,11.0
77,97.0,43.0
78,98.0,39.0
79,100.0,100.0
80,103.0,7.0
81,104.0,20.0
82,106.0,100.0
83,107.0,100.0
84,108.0,41.0
85,109.0,100.0
86,110.0,100.0
87,111.0,100.0
88,112.0,4.0
89,113.0,17.0
90,114.0,100.0
91,115.0,100.0
92,116.0,100.0
93,117.0,100.0
94,118.0,100.0
95,119.0,100.0
96,120.0,100.0
97,121.0,10.0
98,122.0,100.0
99,123.0,100.0
100,124.0,100.0
101,125.0,100.0
102,126.0,100.0
103,127.0,8.0
104,129.0,5.0
105,130.0,100.0
106,131.0,18.0
107,132.0,18.0
108,133.0,100.0
109,134.0,100.0
110,135.0,100.0
111,136.0,22.0
112,137.0,100.0
113,138.0,100.0
114,139.0,22.0
115,140.0,100.0
116,141.0,100.0
117,142.0,100.0
118,143.0,100.0
119,144.0,100.0
120,145.0,100.0
121,146.0,100.0
122,147.0,100.0
123,148.0,20.0
124,149.0,100.0
125,150.0,100.0
126,151.0,100.0
127,152.0,100.0
128,153.0,80.0
129,155.0,100.0
130,156.0,8.0
131,157.0,100.0
132,158.0,100.0
133,159.0,100.0
134,160.0,100.0
135,161.0,100.0
136,162.0,100.0
137,163.0,100.0
138,164.0,100.0
139,165.0,56.0
140,167.0,100.0
141,168.0,100.0
142,170.0,100.0
143,171.0,100.0
144,172.0,92.0
145,173.0,100.0
146,174.0,100.0
147,175.0,100.0
148,176.0,4.0
149,177.0,100.0
150,178.0,2.0
151,179.0,100.0
152,180.0,100.0
153,181.0,100.0
154,182.0,100.0
155,183.0,26.0
156,184.0,2.0
157,186.0,2.0
158,187.0,100.0
159,189.0,100.0
160,190.0,200.0
161,191.0,100.0
162,192.0,100.0
163,193.0,100.0
164,194.0,100.0
165,195.0,100.0
166,196.0,100.0
167,198.0,37.0
168,199.0,100.0
169,200.0,7.0
170,202.0,100.0
171,203.0,100.0
172,204.0,100.0
173,205.0,100.0
174,206.0,100.0
175,207.0,100.0
176,208.0,100.0
177,209.0,400.0
178,210.0,6.0
179,211.0,100.0
180,212.0,100.0
181,214.0,25.0
182,215.0,100.0
183,216.0,3.0
184,217.0,100.0
185,218.0,100.0
186,219.0,100.0
187,220.0,47.0
188,221.0,100.0
189,222.0,100.0
190,223.0,100.0
191,224.0,100.0
192,225.0,18.0
193,226.0,200.0
194,227.0,88.0
195,228.0,100.0
196,229.0,100.0
197,230.0,100.0
198,231.0,83.0
199,232.0,100.0
200,233.0,100.0
201,235.0,63.0
202,236.0,100.0
203,237.0,100.0
204,238.0,100.0
205,239.0,100.0
206,240.0,100.0
207,241.0,100.0
208,242.0,100.0
209,243.0,95.0
210,244.0,100.0
211,245.0,33.0
212,246.0,100.0
213,247.0,100.0
214,248.0,100.0
215,249.0,100.0
216,250.0,100.0
217,251.0,10.0
218,252.0,6.0
219,253.0,100.0
220,254.0,100.0
221,255.0,6.0
222,257.0,100.0
223,258.0,100.0
224,259.0,74.0
225,261.0,100.0
226,262.0,100.0
227,263.0,100.0
228,264.0,100.0
229,265.0,100.0
230,266.0,100.0
231,267.0,400.0
232,268.0,100.0
233,269.0,100.0
234,270.0,23.0
235,271.0,100.0
236,272.0,100.0
237,273.0,100.0
238,274.0,100.0
239,275.0,200.0
240,276.0,100.0
241,277.0,100.0
242,278.0,100.0
243,279.0,100.0
244,281.0,16.0
245,282.0,100.0
246,283.0,100.0
247,284.0,100.0
248,285.0,100.0
249,286.0,100.0
250,287.0,100.0
251,289.0,10.0
252,290.0,100.0
253,291.0,100.0
254,292.0,100.0
255,293.0,100.0
256,294.0,100.0
257,295.0,10.0
258,296.0,100.0
259,298.0,100.0
260,299.0,100.0
261,300.0,77.0
262,301.0,100.0
263,302.0,100.0
264,303.0,14.0
265,304.0,100.0
266,305.0,100.0
267,306.0,99.0
268,307.0,39.0
269,308.0,60.0
270,309.0,86.0
271,311.0,64.0
272,312.0,2.0
273,313.0,100.0
274,314.0,100.0
275,316.0,100.0
276,317.0,100.0
277,318.0,2.0
278,319.0,100.0
279,320.0,400.0
280,321.0,27.0
281,322.0,100.0
282,323.0,100.0
283,324.0,100.0
284,325.0,100.0
285,326.0,100.0
286,327.0,9.0
287,328.0,100.0
288,329.0,100.0
289,330.0,100.0
290,331.0,5.0
291,332.0,100.0
292,333.0,100.0
293,334.0,400.0
294,335.0,5.0
295,336.0,100.0
296,337.0,100.0
297,338.0,100.0
298,339.0,100.0
299,340.0,100.0
300,342.0,52.0
301,343.0,100.0
302,344.0,11.0
303,345.0,600.0
304,346.0,15.0
305,347.0,9.0
306,348.0,100.0
307,349.0,100.0
308,350.0,100.0
309,351.0,100.0
310,352.0,100.0
311,353.0,100.0
312,354.0,100.0
313,355.0,100.0
314,356.0,100.0
315,357.0,100.0
316,358.0,5.0
317,359.0,100.0
318,360.0,100.0
319,361.0,100.0
320,362.0,100.0
321,363.0,100.0
322,364.0,100.0
323,365.0,100.0
324,367.0,100.0
325,368.0,500.0
326,369.0,36.0
327,370.0,100.0
328,371.0,100.0
329,373.0,36.0
330,374.0,100.0
331,375.0,100.0
332,376.0,100.0
333,377.0,100.0
334,380.0,100.0
335,381.0,100.0
336,382.0,100.0
337,383.0,400.0
338,384.0,100.0
339,385.0,100.0
340,386.0,100.0
341,387.0,100.0
342,388.0,100.0
343,389.0,9.0
344,390.0,100.0
345,391.0,9.0
346,392.0,100.0
347,393.0,47.0
348,394.0,400.0
349,395.0,100.0
350,396.0,100.0
351,398.0,100.0
352,399.0,100.0
353,400.0,6.0
354,401.0,90.0
355,402.0,2.0
356,403.0,100.0
357,404.0,100.0
358,405.0,100.0
359,406.0,100.0
360,407.0,100.0
361,408.0,2.0
362,409.0,12.0
363,410.0,100.0
364,411.0,100.0
365,412.0,100.0
366,413.0,100.0
367,414.0,100.0
368,415.0,36.0
369,416.0,100.0
370,417.0,100.0
371,418.0,64.0
372,419.0,100.0
373,420.0,98.0
374,421.0,100.0
375,422.0,100.0
376,423.0,100.0
377,425.0,100.0
378,426.0,100.0
379,427.0,100.0
380,428.0,6.0
381,429.0,100.0
382,430.0,100.0
383,431.0,191.0
384,432.0,100.0
385,433.0,100.0
386,434.0,100.0
387,435.0,75.0
388,436.0,25.0
389,437.0,100.0
390,438.0,100.0
391,439.0,100.0
392,443.0,100.0
393,444.0,100.0
394,445.0,100.0
395,446.0,100.0
396,447.0,100.0
397,448.0,22.0
398,449.0,100.0
399,450.0,4.0
400,451.0,28.0
401,452.0,100.0
402,454.0,100.0
403,455.0,100.0
404,456.0,100.0
405,457.0,57.0
406,458.0,100.0
407,459.0,12.0
408,460.0,23.0
409,461.0,100.0
410,462.0,100.0
411,463.0,13.0
412,464.0,100.0
413,465.0,24.0
414,466.0,11.0
415,468.0,100.0
416,469.0,90.0
417,470.0,100.0
418,472.0,43.0
419,473.0,200.0
420,474.0,87.0
421,475.0,100.0
422,476.0,29.0
423,477.0,7.0
424,478.0,100.0
425,479.0,20.0
426,480.0,100.0
427,481.0,100.0
428,482.0,100.0
429,483.0,30.0
430,485.0,84.0
431,486.0,100.0
432,487.0,100.0
433,488.0,21.0
434,490.0,15.0
435,491.0,100.0
436,492.0,100.0
437,493.0,9.0
438,494.0,100.0
439,495.0,100.0
440,496.0,100.0
441,497.0,100.0
442,498.0,100.0
443,499.0,100.0
444,500.0,100.0
445,501.0,100.0
446,502.0,100.0
447,503.0,3.0
448,504.0,100.0
449,505.0,100.0
450,506.0,100.0
451,507.0,6.0
452,508.0,100.0
453,509.0,7.0
454,510.0,94.0
455,511.0,100.0
456,512.0,100.0
457,513.0,100.0
458,514.0,100.0
459,515.0,100.0
460,516.0,100.0
461,517.0,100.0
462,518.0,100.0
463,519.0,100.0
464,520.0,100.0
465,521.0,41.0
466,522.0,52.0
467,523.0,4.0
468,524.0,100.0
469,525.0,100.0
470,526.0,100.0
471,527.0,100.0
472,528.0,100.0
473,529.0,20.0
474,530.0,100.0
475,531.0,100.0
476,532.0,100.0
477,533.0,15.0
478,534.0,100.0
479,535.0,100.0
480,536.0,100.0
481,537.0,100.0
482,538.0,100.0
483,539.0,100.0
484,540.0,100.0
485,541.0,100.0
486,542.0,100.0
487,543.0,100.0
488,544.0,100.0
489,545.0,98.0
490,546.0,100.0
491,547.0,100.0
492,548.0,85.0
493,549.0,11.0
494,550.0,100.0
495,551.0,19.0
496,552.0,100.0
497,553.0,100.0
498,554.0,100.0
499,555.0,100.0
500,557.0,100.0
501,558.0,100.0
502,559.0,5.0
503,560.0,100.0
504,561.0,100.0
505,562.0,24.0
506,563.0,100.0
507,564.0,7.0
508,565.0,100.0
509,566.0,13.0
510,567.0,100.0
511,568.0,94.0
512,569.0,100.0
513,570.0,100.0
514,571.0,100.0
515,572.0,100.0
516,573.0,100.0
517,574.0,100.0
518,575.0,6.0
519,576.0,100.0
520,577.0,100.0
521,578.0,100.0
522,579.0,100.0
523,580.0,100.0
524,581.0,100.0
525,582.0,100.0
526,583.0,100.0
527,584.0,100.0
528,585.0,100.0
529,586.0,100.0
530,587.0,100.0
531,588.0,100.0
532,589.0,100.0
533,590.0,100.0
534,591.0,42.0
535,592.0,100.0
536,594.0,100.0
537,595.0,58.0
538,596.0,20.0
539,597.0,23.0
540,598.0,13.0
541,599.0,5.0
542,600.0,100.0
543,601.0,100.0
544,602.0,100.0
545,603.0,100.0
546,604.0,100.0
547,605.0,100.0
548,606.0,100.0
549,607.0,19.0
550,608.0,100.0
551,609.0,18.0
552,610.0,100.0
553,611.0,100.0
554,612.0,100.0
555,613.0,100.0
556,614.0,100.0
557,615.0,100.0
558,617.0,100.0
559,618.0,100.0
560,619.0,100.0
561,620.0,100.0
562,621.0,100.0
563,622.0,2.0
564,623.0,100.0
565,624.0,100.0
566,625.0,10.0
567,629.0,98.0
568,630.0,100.0
569,631.0,26.0
570,632.0,100.0
571,633.0,56.0
572,634.0,100.0
573,635.0,100.0
574,636.0,74.0
575,637.0,100.0
576,639.0,100.0
577,640.0,100.0
578,641.0,100.0
579,642.0,100.0
580,643.0,100.0
581,644.0,400.0
582,645.0,200.0
583,646.0,100.0
584,647.0,100.0
585,648.0,100.0
586,649.0,100.0
587,650.0,600.0
588,651.0,100.0
589,652.0,100.0
590,653.0,100.0
591,654.0,100.0
592,655.0,100.0
593,656.0,100.0
594,657.0,100.0
595,658.0,100.0
596,659.0,100.0
597,660.0,100.0
598,661.0,100.0
599,662.0,200.0
600,663.0,100.0
601,664.0,100.0
602,665.0,22.0
603,666.0,100.0
604,667.0,200.0
605,668.0,100.0
606,669.0,100.0
607,670.0,100.0
608,671.0,100.0
609,672.0,100.0
610,673.0,100.0
611,674.0,100.0
612,675.0,100.0
613,676.0,400.0
614,677.0,7.0
615,678.0,100.0
616,679.0,100.0
617,680.0,100.0
618,681.0,100.0
619,682.0,100.0
620,683.0,100.0
621,684.0,100.0
622,685.0,200.0
623,686.0,100.0
624,687.0,100.0
625,688.0,100.0
626,689.0,100.0
627,691.0,67.0
628,692.0,100.0
629,693.0,100.0
630,694.0,7.0
631,695.0,100.0
632,696.0,100.0
633,697.0,100.0
634,698.0,100.0
635,699.0,100.0
636,700.0,100.0
637,701.0,37.0
638,702.0,100.0
639,703.0,81.0
640,704.0,100.0
641,705.0,100.0
642,706.0,100.0
643,707.0,100.0
644,708.0,95.0
645,709.0,100.0
646,710.0,41.0
647,711.0,100.0
648,712.0,87.0
649,713.0,100.0
650,714.0,100.0
651,715.0,26.0
652,716.0,100.0
653,717.0,100.0
654,718.0,100.0
655,719.0,9.0
656,720.0,100.0
657,721.0,100.0
658,722.0,100.0
659,723.0,100.0
660,724.0,100.0
661,725.0,100.0
662,726.0,100.0
663,727.0,19.0
664,728.0,100.0
665,729.0,100.0
666,730.0,164.0
667,732.0,169.0
668,733.0,100.0
669,734.0,100.0
670,735.0,5.0
671,736.0,110.0
672,737.0,100.0
673,738.0,100.0
674,739.0,100.0
675,740.0,100.0
676,741.0,81.0
677,742.0,400.0
678,743.0,100.0
679,744.0,7.0
680,745.0,100.0
681,746.0,100.0
682,747.0,100.0
683,748.0,100.0
684,749.0,100.0
685,750.0,100.0
686,751.0,100.0
687,752.0,100.0
688,753.0,100.0
689,754.0,100.0
690,755.0,10.0
691,756.0,36.0
692,757.0,100.0
693,759.0,71.0
694,762.0,100.0
695,763.0,100.0
696,764.0,100.0
697,765.0,100.0
698,766.0,200.0
699,767.0,100.0
700,768.0,100.0
701,769.0,100.0
702,770.0,100.0
703,771.0,5.0
704,772.0,100.0
705,773.0,4.0
706,774.0,11.0
707,775.0,12.0
708,776.0,100.0
709,777.0,5.0
710,778.0,100.0
711,779.0,100.0
712,780.0,5.0
713,781.0,100.0
714,782.0,100.0
715,783.0,100.0
716,784.0,9.0
717,785.0,100.0
718,786.0,100.0
719,787.0,43.0
720,788.0,100.0
721,789.0,100.0
722,790.0,200.0
723,791.0,100.0
724,792.0,100.0
725,793.0,100.0
726,794.0,100.0
727,795.0,10.0
728,796.0,100.0
729,797.0,100.0
730,798.0,100.0
731,799.0,100.0
732,800.0,100.0
733,801.0,16.0
734,802.0,100.0
735,804.0,100.0
736,805.0,100.0
737,806.0,100.0
738,807.0,100.0
739,808.0,100.0
740,809.0,100.0
741,810.0,100.0
742,811.0,100.0
743,812.0,100.0
744,813.0,100.0
745,814.0,100.0
746,815.0,13.0
747,816.0,100.0
748,817.0,100.0
749,818.0,100.0
750,820.0,100.0
751,822.0,100.0
752,824.0,87.0
753,825.0,100.0
754,826.0,100.0
755,827.0,100.0
756,828.0,100.0
757,829.0,200.0
758,830.0,100.0
759,831.0,10.0
760,832.0,23.0
761,833.0,100.0
762,834.0,100.0
763,835.0,100.0
764,836.0,100.0
765,837.0,100.0
766,838.0,200.0
767,839.0,100.0
768,840.0,100.0
769,841.0,100.0
770,842.0,98.0
771,843.0,100.0
772,844.0,100.0
773,845.0,100.0
774,846.0,100.0
775,847.0,100.0
776,848.0,100.0
777,849.0,41.0
778,850.0,100.0
779,851.0,100.0
780,852.0,8.0
781,853.0,100.0
782,854.0,100.0
783,855.0,100.0
784,856.0,100.0
785,857.0,100.0
786,858.0,100.0
787,859.0,200.0
788,860.0,100.0
789,861.0,100.0
790,862.0,100.0
791,863.0,100.0
792,864.0,100.0
793,867.0,21.0
794,868.0,100.0
795,869.0,100.0
796,870.0,9.0
797,871.0,100.0
798,872.0,100.0
799,873.0,100.0
800,874.0,69.0
801,875.0,200.0
802,877.0,100.0
803,879.0,100.0
804,880.0,200.0
805,881.0,100.0
806,883.0,100.0
807,884.0,100.0
808,885.0,100.0
809,886.0,100.0
810,887.0,200.0
811,888.0,18.0
812,889.0,7.0
813,890.0,100.0
814,891.0,14.0
815,892.0,100.0
816,893.0,100.0
817,894.0,100.0
818,895.0,400.0
819,896.0,100.0
820,897.0,100.0
821,898.0,100.0
822,899.0,4.0
823,900.0,20.0
824,901.0,100.0
825,902.0,18.0
826,903.0,100.0
827,904.0,8.0
828,905.0,400.0
829,906.0,100.0
830,907.0,100.0
831,908.0,53.0
832,909.0,100.0
833,910.0,100.0
834,911.0,10.0
835,912.0,10.0
836,913.0,48.0
837,914.0,100.0
838,915.0,100.0
839,916.0,400.0
840,917.0,100.0
841,918.0,200.0
842,919.0,100.0
843,920.0,100.0
844,921.0,35.0
845,922.0,28.0
846,923.0,100.0
847,924.0,100.0
848,925.0,100.0
849,926.0,29.0
850,927.0,200.0
851,928.0,100.0
852,929.0,100.0
853,930.0,100.0
854,931.0,30.0
855,932.0,100.0
856,933.0,100.0
857,934.0,100.0
858,935.0,100.0
859,936.0,14.0
860,937.0,26.0
861,938.0,100.0
862,939.0,100.0
863,940.0,100.0
864,941.0,100.0
865,942.0,2.0
866,943.0,100.0
867,944.0,100.0
868,945.0,100.0
869,946.0,100.0
870,947.0,100.0
871,948.0,89.0
872,949.0,2.0
873,950.0,100.0
874,951.0,100.0
875,952.0,100.0
876,953.0,100.0
877,954.0,100.0
878,955.0,100.0
879,956.0,100.0
880,957.0,100.0
881,958.0,34.0
882,959.0,100.0
883,960.0,32.0
884,961.0,100.0
885,962.0,100.0
886,963.0,13.0
887,964.0,100.0
888,965.0,100.0
889,966.0,100.0
890,967.0,100.0
891,968.0,12.0
892,969.0,100.0
893,970.0,100.0
894,971.0,100.0
895,972.0,100.0
896,973.0,400.0
897,975.0,200.0
898,976.0,100.0
899,977.0,100.0
900,978.0,21.0
901,979.0,100.0
902,980.0,100.0
903,981.0,2.0
904,982.0,100.0
905,983.0,100.0
906,984.0,100.0
907,985.0,200.0
908,986.0,100.0
909,987.0,100.0
910,988.0,100.0
911,989.0,100.0
912,990.0,100.0
913,991.0,51.0
914,992.0,100.0
915,993.0,4.0
916,994.0,100.0
917,995.0,200.0
918,996.0,100.0
919,997.0,100.0
920,998.0,100.0
921,999.0,19.0
922,1000.0,100.0
923,1001.0,100.0
924,1002.0,100.0
925,1003.0,100.0
926,1004.0,400.0
927,1005.0,100.0
928,1006.0,100.0
929,1007.0,100.0
930,1008.0,100.0
931,1009.0,100.0
932,1010.0,100.0
933,1011.0,100.0
934,1012.0,100.0
935,1013.0,100.0
936,1014.0,100.0
937,1015.0,100.0
938,1016.0,100.0
939,1017.0,100.0
940,1018.0,200.0
941,1019.0,100.0
942,1020.0,100.0
943,1021.0,100.0
944,1022.0,100.0
945,1023.0,100.0
946,1024.0,100.0
947,1025.0,100.0
948,1026.0,400.0
949,1027.0,100.0
950,1028.0,100.0
951,1029.0,100.0
952,1030.0,20.0
953,1031.0,100.0
954,1032.0,100.0
955,1033.0,100.0
956,1034.0,100.0
957,1035.0,100.0
958,1036.0,100.0
959,1037.0,100.0
960,1038.0,100.0
961,1039.0,34.0
962,1040.0,100.0
963,1041.0,100.0
964,1042.0,100.0
965,1043.0,100.0
966,1044.0,200.0
967,1045.0,100.0
968,1046.0,100.0
969,1047.0,100.0
970,1048.0,100.0
971,1049.0,3.0
972,1050.0,100.0
973,1051.0,100.0
974,1052.0,100.0
975,1053.0,100.0
976,1054.0,100.0
977,1055.0,100.0
978,1056.0,100.0
979,1057.0,100.0
980,1058.0,100.0
981,1059.0,100.0
982,1060.0,100.0
983,1061.0,100.0
984,1062.0,28.0
985,1063.0,100.0
986,1064.0,100.0
987,1065.0,100.0
988,1066.0,100.0
989,1067.0,100.0
990,1068.0,100.0
991,1069.0,100.0
992,1070.0,81.0
993,1071.0,100.0
994,1072.0,35.0
995,1073.0,9.0
996,1074.0,100.0
997,1075.0,100.0
998,1076.0,100.0
999,1077.0,11.0
1000,1078.0,100.0
1001,1079.0,11.0
1002,1080.0,100.0
1003,1081.0,21.0
1004,1082.0,100.0
1005,1083.0,116.0
1006,1084.0,100.0
1007,1085.0,100.0
1008,1087.0,100.0
1009,1088.0,100.0
1010,1089.0,100.0
1011,1090.0,100.0
1012,1091.0,100.0
1013,1092.0,21.0
1014,1093.0,100.0
1015,1094.0,100.0
1016,1095.0,100.0
1017,1096.0,100.0
1018,1097.0,100.0
1019,1098.0,100.0
1020,1099.0,100.0
1021,1100.0,100.0
1022,1101.0,100.0
1023,1102.0,100.0
1024,1103.0,100.0
1025,1104.0,12.0
1026,1105.0,100.0
1027,1106.0,100.0
1028,1107.0,100.0
1029,1108.0,100.0
1030,1109.0,100.0
1031,1110.0,400.0
1032,1111.0,100.0
1033,1112.0,100.0
1034,1113.0,100.0
1035,1114.0,100.0
1036,1115.0,100.0
1037,1116.0,14.0
1038,1117.0,100.0
1039,1118.0,13.0
1040,1119.0,200.0
1041,1120.0,100.0
1042,1121.0,200.0
1043,1122.0,100.0
1044,1123.0,100.0
1045,1124.0,100.0
1046,1125.0,100.0
1047,1126.0,100.0
1048,1127.0,100.0
1049,1128.0,8.0
1050,1129.0,100.0
1051,1130.0,100.0
1052,1131.0,100.0
1053,1132.0,100.0
1054,1133.0,100.0
1055,1134.0,100.0
1056,1135.0,100.0
1057,1136.0,44.0
1058,1137.0,23.0
1059,1138.0,13.0
1060,1139.0,100.0
1061,1140.0,100.0
1062,1141.0,14.0
1063,1142.0,100.0
1064,1143.0,100.0
1065,1144.0,1.0
1066,1145.0,100.0
1067,1146.0,100.0
1068,1147.0,100.0
1069,1148.0,100.0
1070,1149.0,100.0
1071,1150.0,100.0
1072,1151.0,100.0
1073,1152.0,100.0
1074,1153.0,100.0
1075,1154.0,4.0
1076,1155.0,49.0
1077,1156.0,100.0
1078,1157.0,169.0
1079,1158.0,100.0
1080,1159.0,100.0
1081,1160.0,100.0
1082,1161.0,99.0
1083,1162.0,100.0
1084,1164.0,100.0
1085,1165.0,100.0
1086,1166.0,100.0
1087,1167.0,100.0
1088,1168.0,100.0
1089,1169.0,100.0
1090,1170.0,13.0
1091,1171.0,100.0
1092,1172.0,100.0
1093,1173.0,54.0
1094,1174.0,300.0
1095,1175.0,100.0
1096,1176.0,100.0
1097,1177.0,100.0
1098,1178.0,100.0
1099,1179.0,100.0
1100,1180.0,26.0
1101,1181.0,100.0
1102,1182.0,200.0
1103,1183.0,9.0
1104,1184.0,100.0
1105,1185.0,100.0
1106,1186.0,100.0
1107,1187.0,100.0
1108,1188.0,200.0
1109,1189.0,18.0
1110,1190.0,100.0
1111,1191.0,2.0
1112,1192.0,100.0
1113,1193.0,100.0
1114,1194.0,100.0
1115,1195.0,100.0
1116,1196.0,100.0
1117,1197.0,100.0
1118,1198.0,56.0
1119,1199.0,100.0
1120,1200.0,300.0
1121,1201.0,100.0
1122,1202.0,100.0
1123,1203.0,100.0
1124,1204.0,5.0
1125,1205.0,100.0
1126,1206.0,600.0
1127,1207.0,100.0
1128,1208.0,100.0
1129,1209.0,4.0
1130,1210.0,100.0
1131,1211.0,100.0
1132,1212.0,100.0
1133,1213.0,200.0
1134,1214.0,200.0
1135,1215.0,100.0
1136,1216.0,100.0
1137,1217.0,100.0
1138,1218.0,100.0
1139,1219.0,100.0
1140,1220.0,100.0
1141,1221.0,13.0
1142,1222.0,100.0
1143,1223.0,33.0
1144,1224.0,100.0
1145,1225.0,5.0
1146,1226.0,100.0
1147,1227.0,100.0
1148,1228.0,100.0
1149,1229.0,282.0
1150,1230.0,100.0
1151,1231.0,100.0
1152,1232.0,129.0
1153,1233.0,100.0
1154,1234.0,200.0
1155,1235.0,100.0
1156,1236.0,100.0
1157,1237.0,100.0
1158,1238.0,100.0
1159,1239.0,100.0
1160,1240.0,100.0
1161,1241.0,100.0
1162,1242.0,200.0
1163,1243.0,100.0
1164,1244.0,100.0
1165,1245.0,100.0
1166,1246.0,100.0
1167,1247.0,100.0
1168,1248.0,100.0
1169,1249.0,100.0
1170,1250.0,31.0
1171,1251.0,100.0
1172,1252.0,100.0
1173,1253.0,100.0
1174,1254.0,100.0
1175,1255.0,100.0
1176,1256.0,100.0
1177,1257.0,100.0
1178,1258.0,200.0
1179,1259.0,100.0
1180,1260.0,100.0
1181,1261.0,100.0
1182,1262.0,100.0
1183,1263.0,75.0
1184,1264.0,100.0
1185,1265.0,100.0
1186,1266.0,100.0
1187,1268.0,100.0
1188,1269.0,100.0
1189,1270.0,100.0
1190,1271.0,200.0
1191,1272.0,100.0
1192,1273.0,100.0
1193,1274.0,100.0
1194,1275.0,100.0
1195,1276.0,100.0
1196,1277.0,77.0
1197,1278.0,400.0
1198,1279.0,100.0
1199,1280.0,100.0
1200,1281.0,200.0
1201,1282.0,44.0
1202,1283.0,100.0
1203,1284.0,100.0
1204,1285.0,9.0
1205,1286.0,100.0
1206,1287.0,80.0
1207,1288.0,100.0
1208,1289.0,100.0
1209,1290.0,31.0
1210,1291.0,100.0
1211,1292.0,100.0
1212,1293.0,100.0
1213,1294.0,200.0
1214,1295.0,15.0
1215,1296.0,100.0
1216,1297.0,100.0
1217,1298.0,100.0
1218,1299.0,100.0
1219,1300.0,17.0
1220,1301.0,200.0
1221,1302.0,100.0
1222,1303.0,24.0
1223,1304.0,100.0
1224,1305.0,100.0
1225,1306.0,400.0
1226,1307.0,100.0
1227,1308.0,19.0
1228,1309.0,100.0
1229,1310.0,100.0
1230,1311.0,100.0
1231,1312.0,200.0
1232,1313.0,100.0
1233,1314.0,100.0
1234,1315.0,100.0
1235,1316.0,100.0
1236,1317.0,19.0
1237,1318.0,100.0
1238,1319.0,100.0
1239,1320.0,54.0
1240,1322.0,117.0
1241,1323.0,100.0
1242,1324.0,100.0
1243,1325.0,100.0
1244,1326.0,400.0
1245,1327.0,100.0
1246,1328.0,100.0
1247,1329.0,100.0
1248,1330.0,92.0
1249,1331.0,200.0
1250,1332.0,27.0
1251,1333.0,100.0
1252,1334.0,100.0
1253,1335.0,400.0
1254,1336.0,100.0
1255,1337.0,100.0
1256,1338.0,200.0
1257,1339.0,100.0
1258,1340.0,100.0
1259,1341.0,100.0
1260,1342.0,100.0
1261,1344.0,100.0
1262,1345.0,100.0
1263,1346.0,100.0
1264,1347.0,1.0
1265,1348.0,100.0
1266,1349.0,82.0
1267,1350.0,100.0
1268,1351.0,24.0
1269,1352.0,100.0
1270,1353.0,100.0
1271,1354.0,100.0
1272,1355.0,86.0
1273,1356.0,100.0
1274,1357.0,100.0
1275,1358.0,100.0
1276,1359.0,3.0
1277,1360.0,100.0
1278,1361.0,100.0
1279,1362.0,76.0
1280,1363.0,100.0
1281,1364.0,100.0
1282,1365.0,100.0
1283,1366.0,100.0
1284,1367.0,100.0
1285,1368.0,35.0
1286,1369.0,100.0
1287,1370.0,73.0
1288,1371.0,100.0
1289,1372.0,200.0
1290,1373.0,100.0
1291,1374.0,40.0
1292,1375.0,200.0
1293,1376.0,100.0
1294,1377.0,100.0
1295,1378.0,100.0
1296,1379.0,100.0
1297,1380.0,100.0
1298,1381.0,100.0
1299,1382.0,100.0
1300,1383.0,100.0
1301,1384.0,100.0
1302,1385.0,2.0
1303,1386.0,200.0
1304,1387.0,6.0
1305,1388.0,100.0
1306,1389.0,200.0
1307,1390.0,200.0
1308,1391.0,100.0
1309,1392.0,100.0
1310,1393.0,187.0
1311,1394.0,100.0
1312,1395.0,225.0
1313,1396.0,200.0
1314,1397.0,100.0
1315,1398.0,100.0
1316,1399.0,100.0
1317,1400.0,100.0
1318,1401.0,200.0
1319,1402.0,100.0
1320,1403.0,28.0
1321,1404.0,100.0
1322,1405.0,100.0
1323,1406.0,100.0
1324,1407.0,48.0
1325,1408.0,100.0
1326,1409.0,100.0
1327,1410.0,100.0
1328,1411.0,100.0
1329,1412.0,100.0
1330,1413.0,100.0
1331,1414.0,26.0
1332,1415.0,17.0
1333,1416.0,100.0
1334,1417.0,200.0
1335,1418.0,100.0
1336,1419.0,100.0
1337,1420.0,100.0
1338,1421.0,400.0
1339,1422.0,6.0
1340,1423.0,100.0
1341,1424.0,100.0
1342,1425.0,100.0
1343,1426.0,100.0
1344,1427.0,100.0
1345,1428.0,100.0
1346,1429.0,100.0
1347,1430.0,100.0
1348,1431.0,5.0
1349,1432.0,100.0
1350,1433.0,5.0
1351,1434.0,100.0
1352,1435.0,100.0
1353,1436.0,100.0
1354,1437.0,100.0
1355,1438.0,100.0
1356,1439.0,100.0
1357,1440.0,80.0
1358,1441.0,100.0
1359,1442.0,19.0
1360,1443.0,100.0
1361,1444.0,100.0
1362,1445.0,196.0
1363,1446.0,100.0
1364,1447.0,100.0
1365,1448.0,100.0
1366,1449.0,100.0
1367,1450.0,100.0
1368,1451.0,100.0
1369,1452.0,100.0
1370,1453.0,22.0
1371,1454.0,100.0
1372,1455.0,4.0
1373,1456.0,100.0
1374,1457.0,100.0
1375,1458.0,100.0
1376,1459.0,100.0
1377,1460.0,100.0
1378,1461.0,100.0
1379,1462.0,100.0
1380,1464.0,42.0
1381,1465.0,400.0
1382,1466.0,228.0
1383,1467.0,100.0
1384,1468.0,100.0
1385,1469.0,2.0
1386,1470.0,200.0
1387,1471.0,100.0
1388,1472.0,100.0
1389,1473.0,100.0
1390,1474.0,24.0
1391,1475.0,100.0
1392,1476.0,100.0
1393,1477.0,124.0
1394,1478.0,100.0
1395,1479.0,100.0
1396,1480.0,23.0
1397,1481.0,100.0
1398,1482.0,100.0
1399,1483.0,100.0
1400,1484.0,100.0
1401,1485.0,400.0
1402,1486.0,100.0
1403,1487.0,100.0
1404,1488.0,100.0
1405,1489.0,400.0
1406,1490.0,17.0
1407,1491.0,100.0
1408,1492.0,57.0
1409,1493.0,100.0
1410,1494.0,100.0
1411,1495.0,19.0
1412,1496.0,100.0
1413,1497.0,100.0
1414,1498.0,100.0
1415,1499.0,5.0
1416,1500.0,100.0
1417,1501.0,8.0
1418,1502.0,100.0
1419,1503.0,80.0
1420,1504.0,4.0
1421,1505.0,100.0
1422,1506.0,263.0
1423,1507.0,100.0
1424,1508.0,100.0
1425,1509.0,74.0
1426,1510.0,100.0
1427,1511.0,32.0
1428,1512.0,100.0
1429,1513.0,1.0
1430,1514.0,100.0
1431,1515.0,100.0
1432,1516.0,11.0
1433,1517.0,9.0
1434,1518.0,6.0
1435,1519.0,200.0
1436,1520.0,100.0
1437,1521.0,100.0
1438,1522.0,21.0
1439,1523.0,11.0
1440,1524.0,100.0
1441,1525.0,100.0
1442,1526.0,100.0
1443,1527.0,100.0
1444,1528.0,100.0
1445,1529.0,100.0
1446,1530.0,99.0
1447,1531.0,100.0
1448,1532.0,100.0
1449,1533.0,100.0
1450,1534.0,100.0
1451,1535.0,100.0
1452,1536.0,100.0
1453,1537.0,200.0
1454,1538.0,100.0
1455,1539.0,36.0
1456,1540.0,36.0
1457,1541.0,100.0
1458,1542.0,100.0
1459,1543.0,100.0
1460,1544.0,200.0
1461,1545.0,100.0
1462,1546.0,100.0
1463,1547.0,100.0
1464,1548.0,200.0
1465,1549.0,100.0
1466,1550.0,100.0
1467,1551.0,181.0
1468,1552.0,200.0
1469,1553.0,100.0
1470,1554.0,100.0
1471,1555.0,10.0
1472,1556.0,10.0
1473,1557.0,10.0
1474,1558.0,90.0
